{
  "image_points": [
    [
      138.0,
      197.0
    ],
    [
      318.0,
      197.0
    ],
    [
      287.0,
      73.0
    ],
    [
      213.0,
      73.0
    ]
  ],
  "pitch_points": [
    [
      -0.6600000262260437,
      0.0
    ],
    [
      0.6600000262260437,
      0.0
    ],
    [
      0.6600000262260437,
      17.68000030517578
    ],
    [
      -0.6600000262260437,
      17.68000030517578
    ]
  ],
  "homography": [
    [
      0.11382476112938747,
      0.02019471568424618,
      -29.93040452729684
    ],
    [
      -1.300371469850472e-16,
      -0.9098192090285191,
      179.23438417861834
    ],
    [
      5.010126013333065e-19,
      0.07371349095966641,
      0.9999999999999999
    ]
  ],
  "homography_inv": [
    [
      8.78543464601059,
      1.3851268925274343,
      14.689247311827913
    ],
    [
      -1.3676385310373477e-16,
      -0.07081244565751003,
      12.692025089605702
    ],
    [
      5.679727583529781e-18,
      0.005219832572806742,
      0.06442652329749085
    ]
  ]
}