{
  "image_points": [
    [
      81.0,
      290.0
    ],
    [
      65.0,
      420.0
    ],
    [
      170.0,
      421.0
    ],
    [
      171.0,
      285.0
    ]
  ],
  "pitch_points": [
    [
      -0.6600000262260437,
      0.0
    ],
    [
      0.6600000262260437,
      0.0
    ],
    [
      0.6600000262260437,
      17.68000030517578
    ],
    [
      -0.6600000262260437,
      17.68000030517578
    ]
  ],
  "homography": [
    [
      0.0005058644180321044,
      0.019716785802895355,
      -6.937810529313968
    ],
    [
      0.36922799592566274,
      0.04544344565238929,
      -43.08606690917156
    ],
    [
      0.0010278858420648695,
      0.00242433022282635,
      1.0
    ]
  ],
  "homography_inv": [
    [
      -10.734973746853814,
      2.6165509477391136,
      38.25967531271228
    ],
    [
      29.613935726695036,
      -0.5469342550901681,
      181.89062918935903
    ],
    [
      -0.06075963186973469,
      -0.0013635664297083402,
      0.5197104718314005
    ]
  ]
}