{
  "image_points": [
    [
      185.0,
      295.0
    ],
    [
      455.0,
      295.0
    ],
    [
      393.0,
      115.0
    ],
    [
      247.0,
      115.0
    ]
  ],
  "pitch_points": [
    [
      -0.6600000262260437,
      0.0
    ],
    [
      0.6600000262260437,
      0.0
    ],
    [
      0.6600000262260437,
      17.68000030517578
    ],
    [
      -0.6600000262260437,
      17.68000030517578
    ]
  ],
  "homography": [
    [
      0.019767055693958015,
      0.0,
      -6.325457822066565
    ],
    [
      0.0,
      -0.21474875578666067,
      63.35088295706488
    ],
    [
      0.0,
      0.010316139767054883,
      1.0
    ]
  ],
  "homography_inv": [
    [
      50.58922357899054,
      3.8019354401331027,
      79.14403292181086
    ],
    [
      -0.0,
      -1.1516951610483874,
      72.96090534979437
    ],
    [
      0.0,
      0.011881048250415945,
      0.24732510288065893
    ]
  ]
}