{
  "image_points": [
    [
      49.0,
      1206.0
    ],
    [
      87.0,
      660.0
    ],
    [
      627.0,
      675.0
    ],
    [
      602.0,
      1202.0
    ]
  ],
  "pitch_points": [
    [
      -0.6600000262260437,
      0.0
    ],
    [
      0.6600000262260437,
      0.0
    ],
    [
      0.6600000262260437,
      17.68000030517578
    ],
    [
      -0.6600000262260437,
      17.68000030517578
    ]
  ],
  "homography": [
    [
      2.599254282616087e-05,
      -0.0024886052613178763,
      2.312579022730273
    ],
    [
      0.03213629660052434,
      0.0022365920710987635,
      -4.272008571170805
    ],
    [
      -6.63879633339874e-05,
      3.712780446227696e-05,
      1.0
    ]
  ],
  "homography_inv": [
    [
      29.05612305484722,
      31.230767344183604,
      66.22352512008452
    ],
    [
      -386.40391917938973,
      2.1777508010256623,
      902.8929678828764
    ],
    [
      0.016275305986742875,
      0.0019924919314299044,
      0.9708740113955993
    ]
  ]
}