{
  "image_points": [
    [
      170.0,
      284.0
    ],
    [
      85.0,
      288.0
    ],
    [
      73.0,
      424.0
    ],
    [
      168.0,
      423.0
    ]
  ],
  "pitch_points": [
    [
      -0.6600000262260437,
      0.0
    ],
    [
      0.6600000262260437,
      0.0
    ],
    [
      0.6600000262260437,
      17.68000030517578
    ],
    [
      -0.6600000262260437,
      17.68000030517578
    ]
  ],
  "homography": [
    [
      -0.02201288944101042,
      -0.001140121335991193,
      3.122174123218103
    ],
    [
      0.009604001140798369,
      0.2040850242419662,
      -59.59282707865412
    ],
    [
      0.0004349026869761856,
      0.0012538168064059967,
      0.9999999999999999
    ]
  ],
  "homography_inv": [
    [
      -44.00105457296421,
      -0.7977467018965599,
      89.83897272332813
    ],
    [
      5.605973338647127,
      3.688392649954288,
      202.29892049353003
    ],
    [
      0.01210731327530821,
      -0.004277626508955832,
      0.7072830029348659
    ]
  ]
}