{
  "image_points": [
    [
      34.0,
      1255.0
    ],
    [
      576.0,
      1259.0
    ],
    [
      567.0,
      815.0
    ],
    [
      108.0,
      814.0
    ]
  ],
  "pitch_points": [
    [
      -0.6600000262260437,
      0.0
    ],
    [
      0.6600000262260437,
      0.0
    ],
    [
      0.6600000262260437,
      17.68000030517578
    ],
    [
      -0.6600000262260437,
      17.68000030517578
    ]
  ],
  "homography": [
    [
      0.004343400851214234,
      0.0003214089286184799,
      -1.7249972994429341
    ],
    [
      0.0004451773059485595,
      -0.060321524956029715,
      75.68837779141504
    ],
    [
      1.6395618653567063e-05,
      0.0006200476889462196,
      1.0
    ]
  ],
  "homography_inv": [
    [
      229.2861472483134,
      2.9736959629191615,
      170.44376132478433
    ],
    [
      -1.701241561861112,
      -9.345905677062207,
      704.4418025885044
    ],
    [
      -0.002704437334057732,
      0.005746151631172101,
      0.560417957395328
    ]
  ]
}