{
  "image_points": [
    [
      78.0,
      290.0
    ],
    [
      165.0,
      288.0
    ],
    [
      167.0,
      429.0
    ],
    [
      52.0,
      433.0
    ]
  ],
  "pitch_points": [
    [
      -0.6600000262260437,
      0.0
    ],
    [
      0.6600000262260437,
      0.0
    ],
    [
      0.6600000262260437,
      17.68000030517578
    ],
    [
      -0.6600000262260437,
      17.68000030517578
    ]
  ],
  "homography": [
    [
      0.04315683452847334,
      0.0036114926993733826,
      -6.294066426511814
    ],
    [
      0.010751194331784966,
      0.4676769534326448,
      -136.46490965334624
    ],
    [
      -8.934720511614534e-05,
      0.006400731295024147,
      1.0
    ]
  ],
  "homography_inv": [
    [
      23.45124350168217,
      -0.7675978450517703,
      42.853513808797985
    ],
    [
      0.025207032992896505,
      0.7448024765443061,
      101.79805741127979
    ],
    [
      0.0019339596184411274,
      -0.004835863242337178,
      0.3522468298431788
    ]
  ]
}