{
  "image_points": [
    [
      84.0,
      286.0
    ],
    [
      171.0,
      287.0
    ],
    [
      170.0,
      426.0
    ],
    [
      54.0,
      434.0
    ]
  ],
  "pitch_points": [
    [
      -0.6600000262260437,
      0.0
    ],
    [
      0.6600000262260437,
      0.0
    ],
    [
      0.6600000262260437,
      17.68000030517578
    ],
    [
      -0.6600000262260437,
      17.68000030517578
    ]
  ],
  "homography": [
    [
      0.03368496756947226,
      0.003450576709458502,
      -5.319473143228031
    ],
    [
      -0.0041573197077199855,
      0.3616868145716347,
      -103.09321411203902
    ],
    [
      -0.00131140910322455,
      0.00485153310787947,
      1.0
    ]
  ],
  "homography_inv": [
    [
      31.8068108904751,
      -1.0797848612632863,
      57.87698440646076
    ],
    [
      5.14294160038962,
      0.9857050599730862,
      128.97724251958834
    ],
    [
      0.016760589900129918,
      -0.006198220429648476,
      0.4501630419710352
    ]
  ]
}