{
  "image_points": [
    [
      170.0,
      282.0
    ],
    [
      83.0,
      285.0
    ],
    [
      50.0,
      426.0
    ],
    [
      170.0,
      424.0
    ]
  ],
  "pitch_points": [
    [
      -0.6600000262260437,
      0.0
    ],
    [
      0.6600000262260437,
      0.0
    ],
    [
      0.6600000262260437,
      17.68000030517578
    ],
    [
      -0.6600000262260437,
      17.68000030517578
    ]
  ],
  "homography": [
    [
      -0.07652964940394186,
      -0.009041025162843398,
      12.225936943638063
    ],
    [
      0.030037148438806848,
      0.8710773047253955,
      -250.75011516715873
    ],
    [
      0.0011060911218768758,
      0.013698522429674764,
      1.0
    ]
  ],
  "homography_inv": [
    [
      -12.911288428628874,
      -0.5292818012711992,
      25.135125564905973
    ],
    [
      0.921693316467445,
      0.27001863016723265,
      56.4386382432084
    ],
    [
      0.0016552249339874198,
      -0.003113422360418818,
      0.19907230889050664
    ]
  ]
}