{
  "image_points": [
    [
      81.0,
      294.0
    ],
    [
      166.0,
      290.0
    ],
    [
      170.0,
      436.0
    ],
    [
      61.0,
      434.0
    ]
  ],
  "pitch_points": [
    [
      -0.6600000262260437,
      0.0
    ],
    [
      0.6600000262260437,
      0.0
    ],
    [
      0.6600000262260437,
      17.68000030517578
    ],
    [
      -0.6600000262260437,
      17.68000030517578
    ]
  ],
  "homography": [
    [
      0.0463671362264266,
      0.002769270130810946,
      -6.496807936887359
    ],
    [
      0.022359940645257207,
      0.47514873871171626,
      -141.50488437351044
    ],
    [
      0.0016463433050019735,
      0.006075504506466073,
      0.9999999999999999
    ]
  ],
  "homography_inv": [
    [
      20.41502180442779,
      -0.6460171307218902,
      41.217896304626905
    ],
    [
      -3.904879823299916,
      0.8727077573620787,
      98.1231560687803
    ],
    [
      -0.009886019505521917,
      -0.004238573934600639,
      0.3359935154880633
    ]
  ]
}